Workbook

Sheet 月營收
A1: 月份 | B1: 門市營收 | C1: 線上營收 | D1: 合計營收
A2: 45658 | B2: 820000 | C2: 310000 | D2: =B2+C2
A3: 45689 | B3: 760000 | C3: 290000 | D3: =B3+C3
A4: 45717 | B4: 880000 | C4: 350000 | D4: =B4+C4
A5: 45748 | B5: 840000 | C5: 380000 | D5: =B5+C5
A6: 45778 | B6: 900000 | C6: 420000 | D6: =B6+C6
A7: 45809 | B7: 870000 | C7: 460000 | D7: =B7+C7
A8: 45839 | B8: 910000 | C8: 500000 | D8: =B8+C8
A9: 45870 | B9: 890000 | C9: 530000 | D9: =B9+C9
A10: 45901 | B10: 860000 | C10: 560000 | D10: =B10+C10
A11: 45931 | B11: 930000 | C11: 600000 | D11: =B11+C11
A12: 45962 | B12: 1050000 | C12: 720000 | D12: =B12+C12
A13: 45992 | B13: 1120000 | C13: 810000 | D13: =B13+C13

Sheet 季彙總
A1: 季別 | B1: 門市營收 | C1: 線上營收 | D1: 合計營收
A2: Q1 | B2: =SUM('月營收'!B2:B4) | C2: =SUM('月營收'!C2:C4) | D2: =B2+C2
A3: Q2 | B3: =SUM('月營收'!B5:B7) | C3: =SUM('月營收'!C5:C7) | D3: =B3+C3
A4: Q3 | B4: =SUM('月營收'!B8:B10) | C4: =SUM('月營收'!C8:C10) | D4: =B4+C4
A5: Q4 | B5: =SUM('月營收'!B11:B13) | C5: =SUM('月營收'!C11:C13) | D5: =B5+C5
A8: 通路 | B8: 全年營收
A9: 門市 | B9: =SUM(B2:B5)
A10: 線上 | B10: =SUM(C2:C5)

Sheet 圖表
A1: 三種問題，三種圖：趨勢 → 折線圖、比較 → 長條圖、組成 → 圓餅圖
