Workbook

Sheet 成績
A1: 座號 | B1: 姓名 | C1: 國文 | D1: 英文 | E1: 數學 | F1: 總分 | G1: 平均 | H1: 已考科數
A2: 01 | B2: 陳怡君 | C2: 82 | D2: 76 | E2: 91 | F2: =SUM(C2:E2) | G2: =ROUND(AVERAGE(C2:E2),1) | H2: =COUNT(C2:E2)
A3: 02 | B3: 林家豪 | C3: 68 | D3: 72 | E3: 55 | F3: =SUM(C3:E3) | G3: =ROUND(AVERAGE(C3:E3),1) | H3: =COUNT(C3:E3)
A4: 03 | B4: 黃詩涵 | C4: 90 | D4: 88 | E4: 84 | F4: =SUM(C4:E4) | G4: =ROUND(AVERAGE(C4:E4),1) | H4: =COUNT(C4:E4)
A5: 04 | B5: 張志明 | C5: 74 | E5: 63 | F5: =SUM(C5:E5) | G5: =ROUND(AVERAGE(C5:E5),1) | H5: =COUNT(C5:E5)
A6: 05 | B6: 李宜蓁 | C6: 88 | D6: 93 | E6: 79 | F6: =SUM(C6:E6) | G6: =ROUND(AVERAGE(C6:E6),1) | H6: =COUNT(C6:E6)
A7: 06 | B7: 王俊傑 | C7: 59 | D7: 64 | E7: 71 | F7: =SUM(C7:E7) | G7: =ROUND(AVERAGE(C7:E7),1) | H7: =COUNT(C7:E7)
A8: 07 | B8: 吳佩珊 | C8: 95 | D8: 89 | E8: 92 | F8: =SUM(C8:E8) | G8: =ROUND(AVERAGE(C8:E8),1) | H8: =COUNT(C8:E8)
A9: 08 | B9: 劉冠廷 | C9: 71 | D9: 58 | E9: 66 | F9: =SUM(C9:E9) | G9: =ROUND(AVERAGE(C9:E9),1) | H9: =COUNT(C9:E9)
A10: 09 | B10: 蔡雅婷 | C10: 84 | D10: 80 | E10: 88 | F10: =SUM(C10:E10) | G10: =ROUND(AVERAGE(C10:E10),1) | H10: =COUNT(C10:E10)
A11: 10 | B11: 楊承恩 | C11: 66 | D11: 70 | F11: =SUM(C11:E11) | G11: =ROUND(AVERAGE(C11:E11),1) | H11: =COUNT(C11:E11)
A12: 11 | B12: 許書瑜 | C12: 77 | D12: 85 | E12: 73 | F12: =SUM(C12:E12) | G12: =ROUND(AVERAGE(C12:E12),1) | H12: =COUNT(C12:E12)
A13: 12 | B13: 鄭宇翔 | C13: 62 | D13: 55 | E13: 48 | F13: =SUM(C13:E13) | G13: =ROUND(AVERAGE(C13:E13),1) | H13: =COUNT(C13:E13)
A14: 13 | B14: 謝欣妤 | C14: 91 | D14: 94 | E14: 87 | F14: =SUM(C14:E14) | G14: =ROUND(AVERAGE(C14:E14),1) | H14: =COUNT(C14:E14)
A15: 14 | B15: 郭品睿 | C15: 80 | D15: 67 | E15: 82 | F15: =SUM(C15:E15) | G15: =ROUND(AVERAGE(C15:E15),1) | H15: =COUNT(C15:E15)
A16: 15 | B16: 洪子晴 | C16: 73 | D16: 79 | E16: 69 | F16: =SUM(C16:E16) | G16: =ROUND(AVERAGE(C16:E16),1) | H16: =COUNT(C16:E16)
A17: 16 | B17: 曾柏翰 | C17: 57 | D17: 61 | E17: 52 | F17: =SUM(C17:E17) | G17: =ROUND(AVERAGE(C17:E17),1) | H17: =COUNT(C17:E17)
A18: 17 | B18: 邱于庭 | C18: 86 | D18: 82 | E18: 90 | F18: =SUM(C18:E18) | G18: =ROUND(AVERAGE(C18:E18),1) | H18: =COUNT(C18:E18)
A19: 18 | B19: 廖哲瑋 | C19: 69 | D19: 74 | E19: 77 | F19: =SUM(C19:E19) | G19: =ROUND(AVERAGE(C19:E19),1) | H19: =COUNT(C19:E19)
A20: 19 | B20: 賴思妤 | C20: 93 | D20: 90 | E20: 95 | F20: =SUM(C20:E20) | G20: =ROUND(AVERAGE(C20:E20),1) | H20: =COUNT(C20:E20)
A21: 20 | B21: 周彥廷 | C21: 78 | D21: 71 | E21: 64 | F21: =SUM(C21:E21) | G21: =ROUND(AVERAGE(C21:E21),1) | H21: =COUNT(C21:E21)

Sheet 各科統計
A1: 統計項目 | B1: 國文 | C1: 英文 | D1: 數學 | E1: 使用的函數
A2: 平均分數 | B2: =ROUND(AVERAGE('成績'!C2:C21),1) | C2: =ROUND(AVERAGE('成績'!D2:D21),1) | D2: =ROUND(AVERAGE('成績'!E2:E21),1) | E2: AVERAGE＋ROUND
A3: 最高分 | B3: =MAX('成績'!C2:C21) | C3: =MAX('成績'!D2:D21) | D3: =MAX('成績'!E2:E21) | E3: MAX
A4: 最低分 | B4: =MIN('成績'!C2:C21) | C4: =MIN('成績'!D2:D21) | D4: =MIN('成績'!E2:E21) | E4: MIN
A5: 應考人數 | B5: =COUNT('成績'!C2:C21) | C5: =COUNT('成績'!D2:D21) | D5: =COUNT('成績'!E2:E21) | E5: COUNT（只數數字）
A6: 全班人數 | B6: =COUNTA('成績'!B2:B21) | C6: =COUNTA('成績'!B2:B21) | D6: =COUNTA('成績'!B2:B21) | E6: COUNTA（數非空白）
