Workbook

Sheet 業績
A1: 員工編號 | B1: 姓名 | C1: 部門 | D1: 業績目標 | E1: 實際業績 | F1: 全勤 | G1: 達成率 | H1: 是否達標 | I1: 獎金等級 | J1: 全勤加碼
A2: E001 | B2: 陳怡君 | C2: 業務一部 | D2: 500000 | E2: 612000 | F2: 是 | G2: =T_Bonus[[#This Row],[實際業績]]/T_Bonus[[#This Row],[業績目標]] | H2: =IF(T_Bonus[[#This Row],[達成率]]>='獎金規則'!$B$3,"達標","未達標") | I2: =_xlfn.IFS(T_Bonus[[#This Row],[達成率]]>='獎金規則'!$B$2,"A",T_Bonus[[#This Row],[達成率]]>='獎金規則'!$B$3,"B",T_Bonus[[#This Row],[達成率]]>='獎金規則'!$B$4,"C",TRUE,"無") | J2: =IF(AND(T_Bonus[[#This Row],[是否達標]]="達標",T_Bonus[[#This Row],[全勤]]="是"),"是","否")
A3: E002 | B3: 林家豪 | C3: 業務一部 | D3: 450000 | E3: 452000 | F3: 否 | G3: =T_Bonus[[#This Row],[實際業績]]/T_Bonus[[#This Row],[業績目標]] | H3: =IF(T_Bonus[[#This Row],[達成率]]>='獎金規則'!$B$3,"達標","未達標") | I3: =_xlfn.IFS(T_Bonus[[#This Row],[達成率]]>='獎金規則'!$B$2,"A",T_Bonus[[#This Row],[達成率]]>='獎金規則'!$B$3,"B",T_Bonus[[#This Row],[達成率]]>='獎金規則'!$B$4,"C",TRUE,"無") | J3: =IF(AND(T_Bonus[[#This Row],[是否達標]]="達標",T_Bonus[[#This Row],[全勤]]="是"),"是","否")
A4: E003 | B4: 黃詩涵 | C4: 業務一部 | D4: 480000 | E4: 384000 | F4: 是 | G4: =T_Bonus[[#This Row],[實際業績]]/T_Bonus[[#This Row],[業績目標]] | H4: =IF(T_Bonus[[#This Row],[達成率]]>='獎金規則'!$B$3,"達標","未達標") | I4: =_xlfn.IFS(T_Bonus[[#This Row],[達成率]]>='獎金規則'!$B$2,"A",T_Bonus[[#This Row],[達成率]]>='獎金規則'!$B$3,"B",T_Bonus[[#This Row],[達成率]]>='獎金規則'!$B$4,"C",TRUE,"無") | J4: =IF(AND(T_Bonus[[#This Row],[是否達標]]="達標",T_Bonus[[#This Row],[全勤]]="是"),"是","否")
A5: E004 | B5: 張志明 | C5: 業務二部 | D5: 520000 | E5: 624000 | F5: 否 | G5: =T_Bonus[[#This Row],[實際業績]]/T_Bonus[[#This Row],[業績目標]] | H5: =IF(T_Bonus[[#This Row],[達成率]]>='獎金規則'!$B$3,"達標","未達標") | I5: =_xlfn.IFS(T_Bonus[[#This Row],[達成率]]>='獎金規則'!$B$2,"A",T_Bonus[[#This Row],[達成率]]>='獎金規則'!$B$3,"B",T_Bonus[[#This Row],[達成率]]>='獎金規則'!$B$4,"C",TRUE,"無") | J5: =IF(AND(T_Bonus[[#This Row],[是否達標]]="達標",T_Bonus[[#This Row],[全勤]]="是"),"是","否")
A6: E005 | B6: 李宜蓁 | C6: 業務二部 | D6: 400000 | E6: 300000 | F6: 是 | G6: =T_Bonus[[#This Row],[實際業績]]/T_Bonus[[#This Row],[業績目標]] | H6: =IF(T_Bonus[[#This Row],[達成率]]>='獎金規則'!$B$3,"達標","未達標") | I6: =_xlfn.IFS(T_Bonus[[#This Row],[達成率]]>='獎金規則'!$B$2,"A",T_Bonus[[#This Row],[達成率]]>='獎金規則'!$B$3,"B",T_Bonus[[#This Row],[達成率]]>='獎金規則'!$B$4,"C",TRUE,"無") | J6: =IF(AND(T_Bonus[[#This Row],[是否達標]]="達標",T_Bonus[[#This Row],[全勤]]="是"),"是","否")
A7: E006 | B7: 王俊傑 | C7: 業務二部 | D7: 500000 | E7: 500000 | F7: 是 | G7: =T_Bonus[[#This Row],[實際業績]]/T_Bonus[[#This Row],[業績目標]] | H7: =IF(T_Bonus[[#This Row],[達成率]]>='獎金規則'!$B$3,"達標","未達標") | I7: =_xlfn.IFS(T_Bonus[[#This Row],[達成率]]>='獎金規則'!$B$2,"A",T_Bonus[[#This Row],[達成率]]>='獎金規則'!$B$3,"B",T_Bonus[[#This Row],[達成率]]>='獎金規則'!$B$4,"C",TRUE,"無") | J7: =IF(AND(T_Bonus[[#This Row],[是否達標]]="達標",T_Bonus[[#This Row],[全勤]]="是"),"是","否")
A8: E007 | B8: 吳佩珊 | C8: 業務三部 | D8: 600000 | E8: 690000 | F8: 是 | G8: =T_Bonus[[#This Row],[實際業績]]/T_Bonus[[#This Row],[業績目標]] | H8: =IF(T_Bonus[[#This Row],[達成率]]>='獎金規則'!$B$3,"達標","未達標") | I8: =_xlfn.IFS(T_Bonus[[#This Row],[達成率]]>='獎金規則'!$B$2,"A",T_Bonus[[#This Row],[達成率]]>='獎金規則'!$B$3,"B",T_Bonus[[#This Row],[達成率]]>='獎金規則'!$B$4,"C",TRUE,"無") | J8: =IF(AND(T_Bonus[[#This Row],[是否達標]]="達標",T_Bonus[[#This Row],[全勤]]="是"),"是","否")
A9: E008 | B9: 劉冠廷 | C9: 業務三部 | D9: 450000 | E9: 396000 | F9: 否 | G9: =T_Bonus[[#This Row],[實際業績]]/T_Bonus[[#This Row],[業績目標]] | H9: =IF(T_Bonus[[#This Row],[達成率]]>='獎金規則'!$B$3,"達標","未達標") | I9: =_xlfn.IFS(T_Bonus[[#This Row],[達成率]]>='獎金規則'!$B$2,"A",T_Bonus[[#This Row],[達成率]]>='獎金規則'!$B$3,"B",T_Bonus[[#This Row],[達成率]]>='獎金規則'!$B$4,"C",TRUE,"無") | J9: =IF(AND(T_Bonus[[#This Row],[是否達標]]="達標",T_Bonus[[#This Row],[全勤]]="是"),"是","否")
A10: E009 | B10: 蔡雅婷 | C10: 業務三部 | D10: 380000 | E10: 471200 | F10: 是 | G10: =T_Bonus[[#This Row],[實際業績]]/T_Bonus[[#This Row],[業績目標]] | H10: =IF(T_Bonus[[#This Row],[達成率]]>='獎金規則'!$B$3,"達標","未達標") | I10: =_xlfn.IFS(T_Bonus[[#This Row],[達成率]]>='獎金規則'!$B$2,"A",T_Bonus[[#This Row],[達成率]]>='獎金規則'!$B$3,"B",T_Bonus[[#This Row],[達成率]]>='獎金規則'!$B$4,"C",TRUE,"無") | J10: =IF(AND(T_Bonus[[#This Row],[是否達標]]="達標",T_Bonus[[#This Row],[全勤]]="是"),"是","否")
A11: E010 | B11: 楊承恩 | C11: 業務一部 | D11: 420000 | E11: 344400 | F11: 否 | G11: =T_Bonus[[#This Row],[實際業績]]/T_Bonus[[#This Row],[業績目標]] | H11: =IF(T_Bonus[[#This Row],[達成率]]>='獎金規則'!$B$3,"達標","未達標") | I11: =_xlfn.IFS(T_Bonus[[#This Row],[達成率]]>='獎金規則'!$B$2,"A",T_Bonus[[#This Row],[達成率]]>='獎金規則'!$B$3,"B",T_Bonus[[#This Row],[達成率]]>='獎金規則'!$B$4,"C",TRUE,"無") | J11: =IF(AND(T_Bonus[[#This Row],[是否達標]]="達標",T_Bonus[[#This Row],[全勤]]="是"),"是","否")
A12: E011 | B12: 許書瑜 | C12: 業務二部 | D12: 550000 | E12: 412500 | F12: 是 | G12: =T_Bonus[[#This Row],[實際業績]]/T_Bonus[[#This Row],[業績目標]] | H12: =IF(T_Bonus[[#This Row],[達成率]]>='獎金規則'!$B$3,"達標","未達標") | I12: =_xlfn.IFS(T_Bonus[[#This Row],[達成率]]>='獎金規則'!$B$2,"A",T_Bonus[[#This Row],[達成率]]>='獎金規則'!$B$3,"B",T_Bonus[[#This Row],[達成率]]>='獎金規則'!$B$4,"C",TRUE,"無") | J12: =IF(AND(T_Bonus[[#This Row],[是否達標]]="達標",T_Bonus[[#This Row],[全勤]]="是"),"是","否")
A13: E012 | B13: 鄭宇翔 | C13: 業務三部 | D13: 500000 | E13: 590000 | F13: 否 | G13: =T_Bonus[[#This Row],[實際業績]]/T_Bonus[[#This Row],[業績目標]] | H13: =IF(T_Bonus[[#This Row],[達成率]]>='獎金規則'!$B$3,"達標","未達標") | I13: =_xlfn.IFS(T_Bonus[[#This Row],[達成率]]>='獎金規則'!$B$2,"A",T_Bonus[[#This Row],[達成率]]>='獎金規則'!$B$3,"B",T_Bonus[[#This Row],[達成率]]>='獎金規則'!$B$4,"C",TRUE,"無") | J13: =IF(AND(T_Bonus[[#This Row],[是否達標]]="達標",T_Bonus[[#This Row],[全勤]]="是"),"是","否")

Sheet 獎金規則
A1: 獎金等級 | B1: 達成率下限 | C1: 說明
A2: A | B2: 1.2 | C2: 達成率 ≥ 120%
A3: B | B3: 1 | C3: 達成率 ≥ 100%
A4: C | B4: 0.8 | C4: 達成率 ≥ 80%
A5: 無 | C5: 達成率未滿 80%
A7: 全勤加碼：「是否達標」為達標，而且「全勤」為是，兩個條件都要成立（AND）。
